<?xml version="1.0" encoding="UTF-8"?>
<jcr:root xmlns:sling="http://sling.apache.org/jcr/sling/1.0" xmlns:granite="http://www.adobe.com/jcr/granite/1.0" xmlns:cq="http://www.day.com/jcr/cq/1.0" xmlns:jcr="http://www.jcp.org/jcr/1.0" xmlns:nt="http://www.jcp.org/jcr/nt/1.0"
    jcr:primaryType="nt:unstructured"
    jcr:title="Page"
    sling:resourceType="cq/gui/components/authoring/dialog"
    extraClientlibs="[cq.common.wcm,core.wcm.components.page.v2.editor,cq.wcm.msm.properties,granite.contexthub.configuration,cq.siteadmin.admin.properties]"
    helpPath="https://www.adobe.com/go/aem_cmp_page_v2"
    mode="edit"
    trackingFeature="core-components:page:v2">
    <content
        granite:class="cq-dialog-content-page"
        jcr:primaryType="nt:unstructured"
        sling:resourceType="granite/ui/components/coral/foundation/container">
        <items jcr:primaryType="nt:unstructured">
            <tabs
                granite:class="cq-siteadmin-admin-properties-tabs"
                jcr:primaryType="nt:unstructured"
                sling:resourceType="granite/ui/components/coral/foundation/tabs"
                size="L">
                <items jcr:primaryType="nt:unstructured">
                    <brandconfigs
                        cq:showOnCreate="{Boolean}true"
                        jcr:primaryType="nt:unstructured"
                        jcr:title="Brand Configurations"
                        sling:resourceType="granite/ui/components/coral/foundation/fixedcolumns">
                        <items jcr:primaryType="nt:unstructured">
                            <column
                                jcr:primaryType="nt:unstructured"
                                sling:resourceType="granite/ui/components/coral/foundation/container">
                                <items jcr:primaryType="nt:unstructured">
                                    <section
                                        jcr:primaryType="nt:unstructured"
                                        jcr:title="Settings"
                                        sling:resourceType="granite/ui/components/coral/foundation/form/fieldset">
                                        <items jcr:primaryType="nt:unstructured">
                                            <errorPages
                                                jcr:primaryType="nt:unstructured"
                                                sling:resourceType="granite/ui/components/coral/foundation/form/pathfield"
                                                fieldDescription="Error pages for this content tree"
                                                fieldLabel="Error Pages"
                                                name="./errorPages"
                                                rootPath="/content"/>
                                        </items>
                                    </section>
                                </items>
                            </column>
                        </items>
                    </brandconfigs>
                <adept
                        cq:showOnCreate="{Boolean}true"
                        jcr:primaryType="nt:unstructured"
                        jcr:title="Adept Config"
                        sling:resourceType="granite/ui/components/coral/foundation/fixedcolumns">
                        <items jcr:primaryType="nt:unstructured">
                            <column
                                jcr:primaryType="nt:unstructured"
                                sling:resourceType="granite/ui/components/coral/foundation/container">
                                <items jcr:primaryType="nt:unstructured">
                                       <dataLayer
                    jcr:primaryType="nt:unstructured"
                    jcr:title="Data Layer fields"
                    sling:resourceType="granite/ui/components/coral/foundation/form/fieldset">
                    <items jcr:primaryType="nt:unstructured">
                        <pageAuthor
                            jcr:primaryType="nt:unstructured"
                            sling:resourceType="granite/ui/components/coral/foundation/form/textfield"
                            fieldLabel="Page Author"
                            name="./pageAuthor">
                        </pageAuthor>  
                        <pageTypeTag
                            jcr:primaryType="nt:unstructured"
                            cq:showOnCreate="{Boolean}true"
                            sling:resourceType="cq/gui/components/coral/common/form/tagfield"
                            fieldLabel="Page Type Tags"
                            multiple="{Boolean}false"
                            name="./pageTypeTag">
                        </pageTypeTag>
                        <primaryCategoryTag
                        cq:showOnCreate="{Boolean}true"
                            jcr:primaryType="nt:unstructured"
                            sling:resourceType="cq/gui/components/coral/common/form/tagfield"
                            fieldLabel="Primary Category Tags"
                            multiple="{Boolean}false"
                            name="./primaryCategoryTag"/>
                        <subCategoryTag
                        cq:showOnCreate="{Boolean}true"
                            jcr:primaryType="nt:unstructured"
                            sling:resourceType="cq/gui/components/coral/common/form/tagfield"
                            fieldLabel="Sub Category Tags"
                            multiple="{Boolean}true"
                            name="./subCategoryTag"/>
                       
                    </items>
                </dataLayer>
                                    
                                </items>
                            </column>
                        </items>
                    </adept> 
                </items>
            </tabs>
        </items>
    </content>
</jcr:root>
